epoch,learning_rate,loss,val_loss
0,0.0010000000474974513,0.3237362205982208,0.25086715817451477
1,0.0010000000474974513,0.23730328679084778,0.2462654709815979
2,0.0009989829268306494,0.22679860889911652,0.24401187896728516
3,0.0009959361050277948,0.21635624766349792,0.24443642795085907
4,0.0004954359028488398,0.20367184281349182,0.2475966215133667
